id,first_name,last_name,gender,age,city,education,email
1,Birgit,Mackriell,Female,15.0,Haifa,No education,bmackriell0@china.com.cn
2,Cristionna,Ferrick,Female,32.0,Bnei Brak,High school,cferrick1@loc.gov
3,Colin,Tite,,,Petah Tikva,High school,ctite2@businessinsider.com
4,Jonis,Iston,Female,40.0,Jerusalem,High school,jiston3@edublogs.org
5,Dex,Goodson,Male,43.0,Haifa,Bachelor's degree,dgoodson4@e-recht24.de
6,Marysa,Ovenden,Female,24.0,Haifa,High school,movenden5@zdnet.com
7,Fidelia,Bolver,Female,39.0,Jerusalem,No education,fbolver6@weebly.com
8,Wyn,Trassler,Male,37.0,Holon,Bachelor's degree,wtrassler7@google.fr
9,Bert,Persse,Female,31.0,Kfar Saba,High school,bpersse8@shop-pro.jp
10,Wilona,Mangenot,,39.0,Haifa,Bachelor's degree,wmangenot9@wisc.edu
11,Renata,Mynett,Female,,Tel Aviv,No education,rmynetta@blogspot.com
12,Tyrone,Cawthron,Male,36.0,Petah Tikva,Bachelor's degree,tcawthronb@jugem.jp
13,Rubetta,Gwinn,Female,48.0,Petah Tikva,Master's degree,rgwinnc@cbsnews.com
14,Sibley,Wolfendell,Female,31.0,Jerusalem,Bachelor's degree,swolfendelld@ocn.ne.jp
15,Warner,Gres,,48.0,Tel Aviv,High school,wgrese@ucoz.com
16,Sheffie,Fullom,Male,41.0,Haifa,Bachelor's degree,sfullomf@wp.com
17,Cherilynn,Tonna,Female,44.0,Tel Aviv,High school,ctonnag@state.gov
18,Dory,MacFarland,,24.0,Rishon LeZion,High school,dmacfarlandh@census.gov
19,Cliff,Capon,Male,42.0,Ashdod,High school,ccaponi@chicagotribune.com
20,Lorri,Chaldecott,Female,29.0,Holon,High school,lchaldecottj@over-blog.com
21,Merrel,Kowalski,,29.0,Ashdod,High school,mkowalskik@csmonitor.com
22,Bellina,Darlaston,Female,40.0,Jerusalem,High school,bdarlastonl@xrea.com
23,Carlie,Colquete,Female,50.0,Rishon LeZion,Master's degree,ccolquetem@miitbeian.gov.cn
24,Brianna,Cisec,Female,54.0,Haifa,No education,bcisecn@seesaa.net
25,Candi,Oubridge,Female,38.0,Tel Aviv,No education,coubridgeo@wikia.com
26,Cher,Auld,,,Haifa,High school,cauldp@addthis.com
27,Kaitlynn,Tansley,Female,39.0,Ashkelon,No education,ktansleyq@soup.io
28,Barbara-anne,Lucius,Female,26.0,Holon,Bachelor's degree,bluciusr@msu.edu
29,Garwood,Snyder,Male,27.0,Ashkelon,High school,gsnyders@gravatar.com
30,Haywood,Haruard,Male,36.0,Tel Aviv,High school,hharuardt@jiathis.com
31,Wit,Kiehl,,50.0,Herzliya,High school,wkiehlu@exblog.jp
32,Chrissie,Jessop,Male,46.0,Tel Aviv,High school,cjessopv@wordpress.org
33,Wileen,Thirst,,48.0,Ashkelon,High school,wthirstw@youku.com
34,Justin,Jorg,Male,44.0,Ashkelon,Bachelor's degree,jjorgx@abc.net.au
35,Marge,Veldstra,Female,34.0,Jerusalem,High school,mveldstray@berkeley.edu
36,Chick,Rickerby,Male,18.0,Jerusalem,Bachelor's degree,crickerbyz@mayoclinic.com
37,De witt,Goshawke,Male,30.0,Bat Yam,No education,dgoshawke10@nature.com
38,Theresita,Suart,Female,45.0,Ashkelon,Doctoral degree,tsuart11@deviantart.com
39,Neil,Lipson,Male,27.0,Ashkelon,High school,nlipson12@foxnews.com
40,Lin,Tiddeman,Female,38.0,Netanya,Bachelor's degree,ltiddeman13@earthlink.net
41,Raymund,Unstead,Male,46.0,Tel Aviv,High school,runstead14@goo.gl
42,Alic,Kliesl,Male,29.0,Jerusalem,Master's degree,akliesl15@cam.ac.uk
43,Madlin,Sansun,,33.0,Haifa,Bachelor's degree,msansun16@nhs.uk
44,Lise,Feye,Female,32.0,Tel Aviv,High school,lfeye17@tinyurl.com
45,Josee,Swancock,Female,46.0,Haifa,Bachelor's degree,jswancock18@sun.com
46,Percival,Stollenbecker,Male,37.0,Holon,High school,pstollenbecker19@hc360.com
47,Bogart,McAllen,Male,35.0,Tel Aviv,High school,bmcallen1a@cisco.com
48,Elyse,Dunbobbin,Female,35.0,Netanya,Bachelor's degree,edunbobbin1b@psu.edu
49,Giselle,Hayer,Female,42.0,Herzliya,High school,ghayer1c@columbia.edu
50,Heath,Seamer,Female,39.0,Haifa,High school,hseamer1d@dion.ne.jp
51,Alexandros,Wootton,Male,44.0,Ashdod,Bachelor's degree,awootton1e@booking.com
52,Waldo,Marcham,Male,,Tel Aviv,Master's degree,wmarcham1f@bizjournals.com
53,Zaria,Batte,Female,48.0,Tel Aviv,High school,zbatte1g@craigslist.org
54,Steward,Housegoe,Male,36.0,Haifa,High school,shousegoe1h@comcast.net
55,Gusella,Wadlow,Female,30.0,Ashkelon,No education,gwadlow1i@histats.com
56,Sheppard,Le Pruvost,Male,24.0,Ashkelon,No education,slepruvost1j@microsoft.com
57,Boris,Valente,Male,17.0,Tel Aviv,High school,bvalente1k@trellian.com
58,Elias,Schlag,Male,22.0,Ashkelon,Bachelor's degree,eschlag1l@unesco.org
59,Anthia,Barrabeale,Female,33.0,Holon,High school,abarrabeale1m@apple.com
60,Krysta,Birdsey,Female,,Tel Aviv,High school,kbirdsey1n@jigsy.com
61,Fey,Jaspar,Female,57.0,Tel Aviv,Bachelor's degree,fjaspar1o@vk.com
62,Ingrim,Gitthouse,Male,39.0,Tel Aviv,High school,igitthouse1p@psu.edu
63,Marilin,Brosius,,37.0,Tel Aviv,High school,mbrosius1q@amazon.com
64,Dyna,Priestner,Female,25.0,Jerusalem,Master's degree,dpriestner1r@ucsd.edu
65,Bentlee,Etheredge,Male,42.0,Jerusalem,Bachelor's degree,betheredge1s@technorati.com
66,Juieta,Bodycote,Female,37.0,Ashkelon,No education,sfullomf@wp.com
67,Page,Groundwator,Female,24.0,Ashkelon,No education,pgroundwator1u@freewebs.com
68,Wilow,Cool,Female,15.0,Tel Aviv,Master's degree,wcool1v@reference.com
69,Ianthe,Orry,Female,34.0,Haifa,Bachelor's degree,iorry1w@free.fr
70,Kev,Armstead,Male,32.0,Tel Aviv,High school,karmstead1x@ask.com
71,Issy,Althorp,,37.0,Tel Aviv,High school,ialthorp1y@discuz.net
72,Mallory,Grisbrook,Male,55.0,Petah Tikva,No education,mgrisbrook1z@slate.com
73,Jermaine,Gabey,Female,36.0,Jerusalem,Bachelor's degree,ktansleyq@soup.io
74,Morley,Hannigan,Male,31.0,Tel Aviv,Bachelor's degree,mhannigan21@ed.gov
75,Winfield,Riccione,Male,13.0,Haifa,Bachelor's degree,wriccione22@indiegogo.com
76,Chadwick,Padefield,,29.0,Haifa,High school,cpadefield23@aol.com
77,Cedric,Mose,Male,29.0,Tel Aviv,Doctoral degree,cmose24@themeforest.net
78,Kaitlin,Emps,Female,37.0,Jerusalem,No education,kemps25@samsung.com
79,Jane,Philpault,Female,,Haifa,Bachelor's degree,jphilpault26@google.cn
80,Danya,Jeannon,Male,40.0,Tel Aviv,No education,djeannon27@live.com
81,Mildrid,Glasspoole,Female,32.0,Ashkelon,Master's degree,mglasspoole28@barnesandnoble.com
82,Allen,Emanson,Male,38.0,Jerusalem,No education,aemanson29@icio.us
83,Lyndell,Giovannacci,Female,37.0,Ashkelon,No education,lgiovannacci2a@miibeian.gov.cn
84,Antonin,Kembley,Male,26.0,Tel Aviv,Bachelor's degree,akembley2b@imageshack.us
85,Hoebart,Inns,Male,33.0,Ashdod,No education,hinns2c@slashdot.org
86,Cathyleen,Foulstone,,28.0,Haifa,Master's degree,cfoulstone2d@census.gov
87,Purcell,Hanshawe,Male,45.0,Ashkelon,High school,phanshawe2e@nature.com
88,Fayre,Jonas,Female,4.0,Tel Aviv,High school,fjonas2f@typepad.com
89,Danny,Haythorne,Male,42.0,Tel Aviv,No education,wthirstw@youku.com
90,Ermentrude,Orth,Female,32.0,Bnei Brak,Bachelor's degree,eorth2h@ezinearticles.com
91,Opaline,Satterlee,Female,34.0,Tel Aviv,Master's degree,nlipson12@foxnews.com
92,Fina,Bodicam,,45.0,Tel Aviv,No education,fbodicam2j@weebly.com
93,Ricoriki,Rothert,Male,28.0,Tel Aviv,Bachelor's degree,rrothert2k@networksolutions.com
94,Benjamin,Tibb,Male,23.0,Ramat Gan,Master's degree,btibb2l@craigslist.org
95,Simone,Dufty,Male,19.0,Netanya,Bachelor's degree,sdufty2m@china.com.cn
96,Eleonora,Dron,Female,43.0,Beersheba,Bachelor's degree,edron2n@friendfeed.com
97,Jasper,Pharoah,Male,42.0,Jerusalem,High school,jpharoah2o@narod.ru
98,Othello,Ferre,Male,45.0,Tel Aviv,High school,oferre2p@hhs.gov
99,Burl,Mosby,Male,37.0,Tel Aviv,No education,bmosby2q@hibu.com
100,Rubina,Candie,Female,23.0,Beersheba,High school,rcandie2r@parallels.com
101,Kimbell,Pirie,Male,34.0,Jerusalem,Bachelor's degree,kpirie2s@sun.com
102,Shelba,Searle,,28.0,Haifa,High school,ssearle2t@cbslocal.com
103,Kingsly,Hannam,Male,50.0,Bnei Brak,No education,khannam2u@google.cn
104,Deane,Brundrett,Male,40.0,Jerusalem,Bachelor's degree,dbrundrett2v@studiopress.com
105,Wini,Gullberg,,30.0,Tel Aviv,Bachelor's degree,wgullberg2w@latimes.com
106,Lindy,Trayton,,31.0,Tel Aviv,No education,ltrayton2x@cmu.edu
107,Morris,Allbon,Male,32.0,Haifa,Master's degree,mallbon2y@macromedia.com
108,Issie,Lorrie,Female,29.0,Tel Aviv,High school,ilorrie2z@mashable.com
109,Waverly,Stenners,Male,29.0,Ashkelon,Bachelor's degree,wstenners30@independent.co.uk
110,Ivette,Addionizio,Female,34.0,Haifa,Bachelor's degree,iaddionizio31@hatena.ne.jp
111,Marsiella,Arenson,Female,30.0,Haifa,Bachelor's degree,marenson32@yahoo.com
112,Byram,Fullard,Male,43.0,Ashkelon,No education,bfullard33@1688.com
113,Daffie,Rickerd,Female,42.0,Tel Aviv,Doctoral degree,drickerd34@elpais.com
114,Alphonso,Werrit,,37.0,Jerusalem,Bachelor's degree,awerrit35@t-online.de
115,Wilma,Madden,Female,30.0,Tel Aviv,High school,wmadden36@altervista.org
116,Nicole,Roja,Female,13.0,Bat Yam,Bachelor's degree,nroja37@bbb.org
117,Suzie,Greendale,Female,26.0,Tel Aviv,High school,sgreendale38@meetup.com
118,Samuele,MacVicar,Male,44.0,Tel Aviv,Doctoral degree,smacvicar39@mlb.com
119,Salem,Turpey,Male,24.0,Tel Aviv,Doctoral degree,sturpey3a@woothemes.com
120,Vivienne,Greg,Female,37.0,Ashkelon,Bachelor's degree,vgreg3b@themeforest.net
121,Hally,Volks,Female,41.0,Tel Aviv,High school,hvolks3c@huffingtonpost.com
122,Caz,Pidduck,Male,31.0,Ashkelon,Bachelor's degree,cpidduck3d@unblog.fr
123,Dita,Holcroft,Female,47.0,Jerusalem,No education,dholcroft3e@nationalgeographic.com
124,Toinette,Hay,Female,31.0,Ashdod,Master's degree,thay3f@hibu.com
125,Lindsy,Stuchbury,,51.0,Tel Aviv,High school,lstuchbury3g@google.pl
126,Gaspard,Vany,Male,37.0,Jerusalem,Master's degree,gvany3h@biblegateway.com
127,Genny,Oke,Female,38.0,Netanya,Bachelor's degree,goke3i@princeton.edu
128,Ortensia,Phipp,Female,27.0,Tel Aviv,Bachelor's degree,ophipp3j@hubpages.com
129,Kristoforo,Hallwood,,30.0,Bat Yam,High school,khallwood3k@go.com
130,Eleanor,Solan,Female,32.0,Haifa,Bachelor's degree,esolan3l@imgur.com
131,Bryanty,Haysom,Male,33.0,Ashkelon,High school,bhaysom3m@dailymotion.com
132,Leelah,Witterick,Female,42.0,Holon,No education,lwitterick3n@uol.com.br
133,Chadwick,Alonso,Male,40.0,Tel Aviv,No education,calonso3o@oaic.gov.au
134,Hagan,Canto,Male,41.0,Tel Aviv,No education,hcanto3p@infoseek.co.jp
135,Ronda,Town,Female,44.0,Beersheba,Master's degree,rtown3q@oakley.com
136,Gaylord,Redhole,Male,42.0,Ashkelon,Bachelor's degree,gredhole3r@constantcontact.com
137,Inglis,Korneichuk,Male,37.0,Tel Aviv,Bachelor's degree,ikorneichuk3s@networksolutions.com
138,Britta,Lindwall,Female,43.0,Petah Tikva,Bachelor's degree,blindwall3t@bbb.org
139,Dew,Beaton,Male,33.0,Ashkelon,High school,dbeaton3u@irs.gov
140,Nefen,Hildrew,Male,60.0,Haifa,No education,nhildrew3v@tripod.com
141,Kele,Fitzroy,Male,25.0,Jerusalem,No education,kfitzroy3w@over-blog.com
142,Correy,MacCaughan,Female,,Ashkelon,High school,cmaccaughan3x@aboutads.info
143,Barb,Gasquoine,Female,21.0,Tel Aviv,No education,bgasquoine3y@fc2.com
144,Pail,Thorsby,Male,30.0,Haifa,No education,pthorsby3z@jiathis.com
145,Brew,Vigors,Male,22.0,Tel Aviv,Bachelor's degree,bvigors40@imgur.com
146,Henryetta,Friman,Female,35.0,Ashkelon,High school,hfriman41@blog.com
147,Morgen,O'Grada,Male,46.0,Kfar Saba,No education,mograda42@mediafire.com
148,Earl,Klageman,Male,45.0,Kfar Saba,Bachelor's degree,eklageman43@ezinearticles.com
149,Philippa,Tortice,Female,23.0,Haifa,High school,ptortice44@dropbox.com
150,Rubin,Prettyjohns,,33.0,Tel Aviv,No education,rprettyjohns45@webnode.com
151,Harmony,Durbin,Female,30.0,Tel Aviv,Doctoral degree,hdurbin46@cbsnews.com
152,Ira,Haversum,Male,51.0,Bat Yam,Bachelor's degree,ihaversum47@ask.com
153,Stanwood,Downer,,35.0,Ashkelon,High school,sdowner48@wordpress.org
154,Oliy,Pott,Female,50.0,Bnei Brak,Bachelor's degree,opott49@geocities.com
155,Silvio,Eyeington,Male,49.0,Holon,High school,seyeington4a@alibaba.com
156,Genna,Stockey,Female,6.0,Beersheba,No education,gstockey4b@gmpg.org
157,Addia,Swaton,Female,50.0,Petah Tikva,Bachelor's degree,aswaton4c@paypal.com
158,Rafaelia,Duffrie,,35.0,Rishon LeZion,High school,rduffrie4d@prweb.com
159,Lonee,Lewsam,Female,18.0,Haifa,High school,llewsam4e@yellowbook.com
160,Vina,Jeynes,Female,27.0,Jerusalem,High school,vjeynes4f@github.com
161,Aluino,Merkel,Male,8.0,Rishon LeZion,Bachelor's degree,amerkel4g@newsvine.com
162,Malena,Peggrem,Female,30.0,Bat Yam,High school,mpeggrem4h@cloudflare.com
163,Kerwinn,Rickeard,Male,31.0,Herzliya,No education,krickeard4i@mysql.com
164,Zara,Goaley,Female,29.0,Bnei Brak,No education,zgoaley4j@ox.ac.uk
165,Waylon,Murrey,Male,33.0,Tel Aviv,Bachelor's degree,wmurrey4k@behance.net
166,Cristian,Cervantes,Male,39.0,Bat Yam,High school,ccervantes4l@i2i.jp
167,Johnna,Shutler,,30.0,Ashkelon,Bachelor's degree,jshutler4m@1688.com
168,Saundra,De la croix,Female,46.0,Tel Aviv,High school,sdelacroix4n@state.gov
169,Ody,Penberthy,Male,36.0,Tel Aviv,Bachelor's degree,openberthy4o@163.com
170,Pierson,Ghion,Male,34.0,Haifa,High school,pghion4p@sakura.ne.jp
171,Ardelis,Hounsham,Female,32.0,Kfar Saba,High school,ahounsham4q@ebay.co.uk
172,Floria,Mathou,Female,37.0,Tel Aviv,Master's degree,fmathou4r@answers.com
173,Augustine,Wooles,,24.0,Haifa,Bachelor's degree,awooles4s@cisco.com
174,Christa,Zeal,Female,26.0,Tel Aviv,Bachelor's degree,czeal4t@yahoo.com
175,Perren,Farren,Male,47.0,Tel Aviv,No education,pfarren4u@ca.gov
176,Konstantin,Quilkin,Male,29.0,Beersheba,High school,kquilkin4v@g.co
177,Mick,Capelin,Male,26.0,Ashdod,No education,mcapelin4w@com.com
178,Lela,Fleckno,Female,39.0,Jerusalem,No education,lfleckno4x@weebly.com
179,Stanleigh,Vittle,Male,25.0,Haifa,Bachelor's degree,svittle4y@ustream.tv
180,Beau,Rix,,34.0,Haifa,High school,brix4z@issuu.com
181,Parry,Dallimore,Male,32.0,Ashkelon,High school,pdallimore50@webs.com
182,Paulie,Burner,Female,16.0,Ashkelon,Bachelor's degree,pburner51@earthlink.net
183,Jonell,Streater,Female,28.0,Holon,Master's degree,jstreater52@hexun.com
184,Bill,Gandley,Female,45.0,Tel Aviv,High school,bgandley53@fema.gov
185,Alena,Titchen,,36.0,Haifa,No education,atitchen54@google.fr
186,Lannie,Arrowsmith,Male,48.0,Tel Aviv,No education,larrowsmith55@elegantthemes.com
187,Lombard,Harriott,,43.0,Tel Aviv,Bachelor's degree,lharriott56@imdb.com
188,Candie,Edgcumbe,Female,27.0,Kfar Saba,No education,cedgcumbe57@upenn.edu
189,Sissie,Mounsey,Female,25.0,Beersheba,High school,smounsey58@state.gov
190,Dionis,Hussy,Female,26.0,Jerusalem,High school,dhussy59@goo.ne.jp
191,Arnie,Vasilic,Male,34.0,Tel Aviv,Bachelor's degree,avasilic5a@chicagotribune.com
192,Doralyn,O'Scully,Female,51.0,Bnei Brak,No education,doscully5b@technorati.com
193,Libbey,Ridel,Female,23.0,Ashdod,High school,lridel5c@disqus.com
194,Margery,Di Maria,Female,27.0,Haifa,High school,mdimaria5d@google.co.uk
195,Fedora,Springthorp,Female,33.0,Haifa,High school,fspringthorp5e@github.com
196,Cornelle,Fraczkiewicz,Female,42.0,Holon,No education,cfraczkiewicz5f@tinyurl.com
197,Torey,Glabach,Male,35.0,Ashkelon,Doctoral degree,tglabach5g@wsj.com
198,Obie,Braxton,Male,40.0,Tel Aviv,High school,obraxton5h@themeforest.net
199,Timmy,Counsell,Male,52.0,Haifa,No education,tcounsell5i@networksolutions.com
200,Winn,Annies,Male,47.0,Haifa,Bachelor's degree,wannies5j@berkeley.edu
201,Daisy,Archer,Female,18.0,Ashkelon,Bachelor's degree,darcher5k@adobe.com
202,Mirna,Petcher,Female,36.0,Tel Aviv,Master's degree,mpetcher5l@msu.edu
203,Linoel,Thorby,Male,44.0,Tel Aviv,No education,lthorby5m@bravesites.com
204,Dalia,Grieveson,,39.0,Haifa,No education,dgrieveson5n@cmu.edu
205,Blondell,Kuscha,Female,28.0,Herzliya,High school,bkuscha5o@upenn.edu
206,Cesar,Lghan,Male,,Tel Aviv,High school,sfullomf@wp.com
207,Domingo,Bare,,26.0,Haifa,High school,dbare5q@mozilla.com
208,Alfy,Chavrin,Male,26.0,Tel Aviv,High school,achavrin5r@mysql.com
209,Oby,Gallaher,Male,39.0,Ashdod,High school,ogallaher5s@myspace.com
210,Virgie,Swires,Male,33.0,Bnei Brak,Bachelor's degree,vswires5t@ucoz.ru
211,Javier,Delgardo,Male,37.0,Netanya,Master's degree,jdelgardo5u@jugem.jp
212,Drud,Louth,Male,31.0,Haifa,High school,dlouth5v@hubpages.com
213,Allyn,Reignolds,Male,32.0,Tel Aviv,No education,areignolds5w@bluehost.com
214,Anatollo,Race,Male,42.0,Haifa,No education,arace5x@etsy.com
215,Bea,Curmi,Female,,Herzliya,No education,bcurmi5y@soundcloud.com
216,Damian,Dumbell,Male,21.0,Haifa,Bachelor's degree,ddumbell5z@quantcast.com
217,Annabell,Vesco,Female,40.0,Rishon LeZion,High school,avesco60@istockphoto.com
218,Hope,Chesterfield,Female,32.0,Tel Aviv,High school,hchesterfield61@ca.gov
219,Audre,Eirwin,,38.0,Haifa,High school,aeirwin62@freewebs.com
220,Randy,Deam,Male,27.0,Beersheba,Bachelor's degree,rdeam63@cnbc.com
221,Lodovico,Cops,Male,21.0,Haifa,Bachelor's degree,lcops64@upenn.edu
222,Xenos,Hoff,Male,52.0,Ashdod,High school,xhoff65@walmart.com
223,Reggie,Hynard,Female,,Ashkelon,High school,rhynard66@disqus.com
224,Sully,Wilden,Male,37.0,Ashkelon,High school,swilden67@mlb.com
225,Maddi,Gibben,Female,30.0,Haifa,Bachelor's degree,mgibben68@wordpress.com
226,Reube,Kohler,Male,20.0,Jerusalem,Master's degree,rkohler69@facebook.com
227,Renaldo,Iacovacci,Male,32.0,Tel Aviv,High school,riacovacci6a@dedecms.com
228,Conrade,Pawson,Male,12.0,Netanya,Bachelor's degree,cpawson6b@dedecms.com
229,Nickolaus,Mortimer,Male,50.0,Haifa,Bachelor's degree,nmortimer6c@blogtalkradio.com
230,Kingsly,McCaughey,Male,22.0,Ramat Gan,High school,kmccaughey6d@joomla.org
231,Eliza,Mordy,,,Tel Aviv,Bachelor's degree,emordy6e@bravesites.com
232,Odie,Billiard,,35.0,Rishon LeZion,High school,obilliard6f@cdbaby.com
233,Ricki,Cubbino,Female,36.0,Bnei Brak,Bachelor's degree,rcubbino6g@mayoclinic.com
234,Torr,Merrell,Male,,Bnei Brak,High school,tmerrell6h@mysql.com
235,Alley,Thurlow,Male,,Ashdod,High school,athurlow6i@aboutads.info
236,Pren,Purshouse,Male,21.0,Ashkelon,Doctoral degree,ppurshouse6j@newsvine.com
237,Davey,Mountford,Male,29.0,Haifa,No education,dmountford6k@paginegialle.it
238,Thorndike,Lewsy,Male,42.0,Tel Aviv,High school,tlewsy6l@forbes.com
239,Jayme,McGann,Male,,Bnei Brak,High school,jmcgann6m@ehow.com
240,Barbey,Garton,,36.0,Haifa,High school,bgarton6n@xing.com
241,Tamar,McKennan,Female,28.0,Ramat Gan,No education,tmckennan6o@opera.com
242,Parnell,MacAlees,Male,,Haifa,Bachelor's degree,pmacalees6p@blogger.com
243,Kirstin,Sacker,,24.0,Ashkelon,No education,ksacker6q@unblog.fr
244,Honoria,Pawlowicz,Female,33.0,Ramat Gan,No education,hpawlowicz6r@phoca.cz
245,Leo,MacCarter,Male,23.0,Haifa,High school,lmaccarter6s@theguardian.com
246,Lindsay,Gobolos,Female,32.0,Ashdod,High school,lgobolos6t@sitemeter.com
247,Loren,Shinfield,Male,48.0,Tel Aviv,No education,lshinfield6u@barnesandnoble.com
248,Weylin,Reynish,Male,26.0,Jerusalem,High school,wreynish6v@hugedomains.com
249,Berry,Lenox,Female,50.0,Netanya,High school,blenox6w@wordpress.org
250,Caressa,McCleverty,Female,28.0,Tel Aviv,No education,cmccleverty6x@example.com
251,Sianna,Erley,Female,,Tel Aviv,Bachelor's degree,serley6y@dagondesign.com
252,Roth,Tindley,Male,13.0,Bnei Brak,Master's degree,rtindley6z@wordpress.org
253,Gennifer,Patterson,Female,25.0,Haifa,No education,gpatterson70@bluehost.com
254,Ruthie,Tomaszkiewicz,Female,49.0,Herzliya,Bachelor's degree,rtomaszkiewicz71@privacy.gov.au
255,Mikael,Cluitt,,39.0,Rishon LeZion,Bachelor's degree,mcluitt72@rambler.ru
256,Arron,Izod,Male,26.0,Haifa,Bachelor's degree,aizod73@amazon.com
257,Shaylyn,Pike,,37.0,Tel Aviv,Bachelor's degree,spike74@oakley.com
258,Kaylee,Gare,Female,19.0,Herzliya,High school,kgare75@exblog.jp
259,Matilda,Jepp,Female,32.0,Tel Aviv,High school,mjepp76@meetup.com
260,Gaven,Schonfeld,Male,32.0,Ashkelon,High school,gschonfeld77@nasa.gov
261,Carlene,Reiling,Female,23.0,Holon,Bachelor's degree,creiling78@indiatimes.com
262,Christy,Pendergast,Male,31.0,Tel Aviv,High school,cpendergast79@bbb.org
263,Patten,Hillock,Male,49.0,Ashkelon,Bachelor's degree,phillock7a@unblog.fr
264,Susie,Lidgard,,61.0,Tel Aviv,High school,slidgard7b@mac.com
265,Boycey,Ruddiforth,,38.0,Ashdod,High school,bruddiforth7c@nhs.uk
266,Vic,Leborgne,Male,41.0,Tel Aviv,No education,vleborgne7d@pagesperso-orange.fr
267,Arabela,Peedell,Female,41.0,Ramat Gan,Master's degree,apeedell7e@seattletimes.com
268,Cymbre,Jorissen,,,Haifa,High school,cjorissen7f@ezinearticles.com
269,Darcy,Pyson,Female,24.0,Haifa,No education,dpyson7g@kickstarter.com
270,Jacquetta,Willmett,Female,38.0,Rishon LeZion,Master's degree,jwillmett7h@naver.com
271,Lonnie,Bartrop,Female,26.0,Netanya,High school,lbartrop7i@examiner.com
272,Margarita,Bennell,Female,46.0,Bat Yam,High school,mbennell7j@chronoengine.com
273,Deb,Cardinal,Female,31.0,Ashkelon,High school,dcardinal7k@huffingtonpost.com
274,Rodrique,Burgan,Male,25.0,Herzliya,High school,rburgan7l@51.la
275,Barnie,Wayman,Male,59.0,Holon,Doctoral degree,bwayman7m@mayoclinic.com
276,Osbert,Ethridge,Male,29.0,Jerusalem,High school,oethridge7n@chron.com
277,Marris,Pappi,Female,40.0,Haifa,Bachelor's degree,mpappi7o@exblog.jp
278,Trueman,Hanscome,Male,30.0,Ashdod,High school,thanscome7p@amazon.de
279,Nollie,Noulton,Female,26.0,Tel Aviv,No education,nnoulton7q@symantec.com
280,Drucie,Elgy,Female,22.0,Haifa,High school,delgy7r@google.nl
281,Hayyim,Boni,Male,17.0,Beersheba,High school,hboni7s@alexa.com
282,Hermann,Sinden,Male,31.0,Bat Yam,Bachelor's degree,hsinden7t@miitbeian.gov.cn
283,Ursulina,Corish,Female,26.0,Haifa,Bachelor's degree,ucorish7u@behance.net
284,Luelle,Dight,Female,34.0,Haifa,Doctoral degree,ldight7v@nhs.uk
285,Jody,Phillput,Male,52.0,Haifa,High school,jphillput7w@freewebs.com
286,Igor,Abbatucci,,28.0,Jerusalem,High school,iabbatucci7x@indiatimes.com
287,Valeda,Paal,,,Tel Aviv,No education,vpaal7y@oakley.com
288,Julienne,Keitch,Female,32.0,Jerusalem,No education,jkeitch7z@jalbum.net
289,Harold,Whitebread,Male,31.0,Holon,High school,hwhitebread80@mozilla.org
290,Barn,Maudling,Male,53.0,Tel Aviv,Bachelor's degree,bmaudling81@liveinternet.ru
291,Marys,Cloney,Female,45.0,Tel Aviv,High school,mcloney82@seattletimes.com
292,Sheryl,Gallichan,Female,,Tel Aviv,High school,sgallichan83@imageshack.us
293,Lief,Brayley,Male,57.0,Jerusalem,Doctoral degree,lbrayley84@baidu.com
294,Edith,Gellibrand,,31.0,Haifa,High school,egellibrand85@purevolume.com
295,Colver,Moye,Male,42.0,Ashkelon,Bachelor's degree,cmoye86@microsoft.com
296,Tomasine,Olyonov,,40.0,Ramat Gan,High school,tolyonov87@mit.edu
297,Philip,Howson,Male,53.0,Ashkelon,High school,phowson88@behance.net
298,Charmion,Tanton,Female,,Jerusalem,No education,ctanton89@twitter.com
299,Janela,Yegorkov,Female,40.0,Tel Aviv,High school,jyegorkov8a@chronoengine.com
300,Teressa,Roomes,Female,28.0,Haifa,High school,troomes8b@typepad.com
301,Chandra,Loosemore,Female,57.0,Jerusalem,Bachelor's degree,cloosemore8c@accuweather.com
302,Justina,Haliburn,Female,31.0,Netanya,Bachelor's degree,jhaliburn8d@prlog.org
303,Ward,MacGauhy,Male,33.0,Jerusalem,High school,wmacgauhy8e@myspace.com
304,Beulah,Byrne,Female,54.0,Tel Aviv,Bachelor's degree,bbyrne8f@shop-pro.jp
305,Mabel,Poley,Female,38.0,Tel Aviv,High school,mpoley8g@miitbeian.gov.cn
306,Amby,Demschke,Male,38.0,Ashdod,Bachelor's degree,ademschke8h@tripadvisor.com
307,Collen,Thinn,,13.0,Herzliya,No education,cthinn8i@businessweek.com
308,Shandie,Haborn,Female,40.0,Netanya,No education,shaborn8j@parallels.com
309,Annabal,Russilll,Female,30.0,Tel Aviv,Doctoral degree,arussilll8k@yandex.ru
310,Deck,Banke,Male,35.0,Tel Aviv,Bachelor's degree,dbanke8l@woothemes.com
311,Rozele,Sember,Female,54.0,Jerusalem,Bachelor's degree,rsember8m@technorati.com
312,Valida,Sterland,Female,56.0,Kfar Saba,No education,vsterland8n@geocities.jp
313,Aileen,Compson,Female,41.0,Bnei Brak,High school,acompson8o@naver.com
314,Cullen,Kemble,Male,42.0,Holon,No education,ckemble8p@tinypic.com
315,Tobi,Paunsford,Female,31.0,Haifa,High school,tpaunsford8q@time.com
316,Eziechiele,Roobottom,,34.0,Kfar Saba,High school,eroobottom8r@dell.com
317,Falito,Ofer,Male,20.0,Jerusalem,Bachelor's degree,fofer8s@hexun.com
318,Ilyse,Haggas,Female,29.0,Beersheba,High school,ihaggas8t@hibu.com
319,Neil,Maass,Male,38.0,Rishon LeZion,No education,nmaass8u@google.co.jp
320,Binky,Mair,Male,,Rishon LeZion,High school,bmair8v@360.cn
321,Linda,Grzelczyk,Female,23.0,Jerusalem,No education,lgrzelczyk8w@google.pl
322,Roma,Petican,Male,51.0,Jerusalem,Master's degree,rpetican8x@godaddy.com
323,Gerek,Scaice,Male,27.0,Beersheba,High school,gscaice8y@unblog.fr
324,Robin,Magnar,Male,28.0,Holon,No education,rmagnar8z@360.cn
325,Wilbur,Calvie,Male,27.0,Ashdod,High school,wcalvie90@google.it
326,Patrizia,Bende,Female,52.0,Ashdod,Master's degree,pbende91@upenn.edu
327,Eleen,Derx,Female,26.0,Haifa,Bachelor's degree,ederx92@gravatar.com
328,Gherardo,Flintiff,Male,41.0,Haifa,Master's degree,gflintiff93@hexun.com
329,Elenore,Colliss,Female,,Herzliya,Doctoral degree,ecolliss94@cnn.com
330,Gertie,Olfert,Female,60.0,Ashkelon,High school,golfert95@msu.edu
331,Burt,Pietsma,Male,52.0,Holon,Bachelor's degree,bpietsma96@surveymonkey.com
332,Zandra,Nicklinson,Female,31.0,Jerusalem,No education,znicklinson97@instagram.com
333,Jacquelyn,Addionizio,Female,18.0,Petah Tikva,No education,jaddionizio98@blinklist.com
334,Edmund,Flavelle,Male,37.0,Jerusalem,Bachelor's degree,eflavelle99@nydailynews.com
335,Jacquelin,Earley,Female,29.0,Tel Aviv,Bachelor's degree,jearley9a@youtu.be
336,Leonerd,Jenny,Male,32.0,Bat Yam,High school,ljenny9b@bandcamp.com
337,Mallissa,Floyed,Female,22.0,Kfar Saba,High school,mfloyed9c@google.de
338,Gradey,McFarland,Male,18.0,Jerusalem,Bachelor's degree,gmcfarland9d@sogou.com
339,Beltran,Bigg,Male,30.0,Netanya,High school,bbigg9e@ucoz.ru
340,Gregoire,MacRanald,Male,,Ramat Gan,Bachelor's degree,gmacranald9f@t-online.de
341,Nikos,Kingaby,Male,26.0,Ashkelon,High school,nkingaby9g@dropbox.com
342,Ingar,Bondley,Male,42.0,Netanya,High school,ibondley9h@hhs.gov
343,Saxe,Sacher,,23.0,Tel Aviv,Doctoral degree,ssacher9i@sun.com
344,Cecelia,Silwood,,34.0,Jerusalem,Bachelor's degree,csilwood9j@buzzfeed.com
345,Baily,Laugherane,,34.0,Haifa,High school,blaugherane9k@kickstarter.com
346,Zachary,Jinda,Male,46.0,Kfar Saba,Master's degree,zjinda9l@theglobeandmail.com
347,Ailene,Brewitt,Female,36.0,Ashkelon,No education,abrewitt9m@xinhuanet.com
348,Della,Dreakin,Female,36.0,Ashkelon,No education,ddreakin9n@addtoany.com
349,Hortense,Sullivan,Female,36.0,Kfar Saba,No education,hsullivan9o@over-blog.com
350,Julio,MacGorley,Male,47.0,Tel Aviv,Bachelor's degree,jmacgorley9p@mashable.com
351,Alejandro,Cohane,Male,42.0,Haifa,High school,acohane9q@so-net.ne.jp
352,Horst,Vreiberg,Male,31.0,Haifa,High school,hvreiberg9r@ucla.edu
353,Kirstin,Carbin,Female,48.0,Jerusalem,Bachelor's degree,kcarbin9s@people.com.cn
354,Dorrie,Rapkins,,50.0,Netanya,Doctoral degree,drapkins9t@theatlantic.com
355,Eric,Evequot,Male,37.0,Rishon LeZion,No education,eevequot9u@domainmarket.com
356,Faunie,Wankel,Female,31.0,Tel Aviv,High school,fwankel9v@jimdo.com
357,Jackelyn,Leyman,Female,23.0,Herzliya,High school,jleyman9w@myspace.com
358,Zenia,Goutcher,Female,41.0,Netanya,No education,zgoutcher9x@nih.gov
359,Humfried,Cerith,Male,34.0,Haifa,Bachelor's degree,hcerith9y@furl.net
360,Augustus,Beat,Male,34.0,Haifa,Bachelor's degree,abeat9z@reverbnation.com
361,Sybyl,Duckerin,Female,37.0,Ashdod,High school,sduckerina0@odnoklassniki.ru
362,Lira,De Paoli,Female,14.0,Jerusalem,Bachelor's degree,ldepaolia1@desdev.cn
363,Felita,Beynon,,9.0,Tel Aviv,High school,fbeynona2@auda.org.au
364,Darla,Shewry,Female,44.0,Jerusalem,Master's degree,dshewrya3@economist.com
365,Minnnie,Krauss,Female,40.0,Tel Aviv,High school,mkraussa4@chron.com
366,Ynes,Coverdale,Female,41.0,Netanya,No education,ycoverdalea5@livejournal.com
367,Elwyn,Heinschke,Male,17.0,Herzliya,High school,eheinschkea6@livejournal.com
368,Ruttger,Jedrych,Male,36.0,Ashkelon,No education,rjedrycha7@economist.com
369,Palm,Anthoine,Male,31.0,Bat Yam,High school,panthoinea8@patch.com
370,Janek,McVity,Male,35.0,Ashkelon,Master's degree,jmcvitya9@ovh.net
371,Scott,McCorkell,Male,45.0,Tel Aviv,High school,smccorkellaa@google.com.au
372,Davy,Spilling,Male,32.0,Kfar Saba,Master's degree,dspillingab@wikispaces.com
373,Cordey,Inott,Female,47.0,Tel Aviv,No education,cinottac@bandcamp.com
374,Manuel,Corrin,,46.0,Tel Aviv,High school,mcorrinad@nifty.com
375,Hodge,Mattisson,Male,42.0,Tel Aviv,No education,hmattissonae@liveinternet.ru
376,Sisely,Shallcroff,,43.0,Haifa,No education,sshallcroffaf@salon.com
377,Thayne,Sondland,Male,45.0,Haifa,Bachelor's degree,tsondlandag@multiply.com
378,Leonore,Wark,Female,28.0,Tel Aviv,Bachelor's degree,lwarkah@studiopress.com
379,Rivkah,Guisot,Female,40.0,Haifa,Bachelor's degree,rguisotai@java.com
380,Gertrude,Baty,Female,37.0,Tel Aviv,High school,gbatyaj@chronoengine.com
381,Horatio,Goulter,Male,27.0,Ramat Gan,High school,hgoulterak@bbb.org
382,Seymour,Kellar,Male,25.0,Bat Yam,High school,skellaral@godaddy.com
383,Thain,Redwin,Male,41.0,Herzliya,High school,tredwinam@last.fm
384,Hale,Craig,Male,40.0,Ramat Gan,High school,hcraigan@youtube.com
385,Meridel,Gornall,Female,31.0,Beersheba,Bachelor's degree,mgornallao@moonfruit.com
386,Carlin,Seegar,Male,31.0,Haifa,Master's degree,cseegarap@shop-pro.jp
387,Pren,Skittreal,Male,30.0,Ramat Gan,Master's degree,pskittrealaq@unblog.fr
388,Willey,Davie,Male,40.0,Tel Aviv,Bachelor's degree,wdaviear@prnewswire.com
389,Obidiah,Tessier,Male,28.0,Haifa,Bachelor's degree,otessieras@nymag.com
390,Charleen,Pratte,Female,49.0,Jerusalem,Doctoral degree,cpratteat@newsvine.com
391,Jacynth,Briar,Female,37.0,Ashdod,Bachelor's degree,jbriarau@census.gov
392,Herold,Zouch,Male,18.0,Jerusalem,High school,hzouchav@paginegialle.it
393,Matias,Akid,,42.0,Jerusalem,No education,makidaw@nih.gov
394,Ethelin,McKane,Female,27.0,Jerusalem,High school,emckaneax@topsy.com
395,Herman,Fullick,Male,47.0,Petah Tikva,Bachelor's degree,hfullickay@1und1.de
396,Howard,Strettle,Male,29.0,Jerusalem,No education,hstrettleaz@scientificamerican.com
397,Whitby,Donoher,Male,44.0,Haifa,High school,wdonoherb0@nyu.edu
398,Jean,Masedon,Male,36.0,Ashkelon,High school,jmasedonb1@wix.com
399,Feliza,Grzesiewicz,Female,45.0,Jerusalem,High school,fgrzesiewiczb2@cisco.com
400,Josephina,Elverston,Female,,Tel Aviv,High school,jelverstonb3@ucoz.ru
401,Lorilyn,Gammon,Female,20.0,Jerusalem,High school,lgammonb4@fotki.com
402,Clem,Valerio,Male,27.0,Ashdod,High school,cvaleriob5@homestead.com
403,Riobard,Deeny,Male,34.0,Ashdod,High school,rdeenyb6@zimbio.com
404,Horatius,Boles,Male,18.0,Rishon LeZion,High school,hbolesb7@ovh.net
405,Cherin,Brosetti,Female,37.0,Haifa,Bachelor's degree,cbrosettib8@stumbleupon.com
406,Garreth,Highman,,54.0,Ashdod,Master's degree,ghighmanb9@google.com
407,Stephanus,Penylton,Male,47.0,Tel Aviv,Bachelor's degree,spenyltonba@google.cn
408,Guss,Spirit,Male,37.0,Haifa,High school,gspiritbb@ycombinator.com
409,Randolph,Trolley,Male,30.0,Ashkelon,High school,rtrolleybc@squidoo.com
410,Madeleine,Dibdall,Female,31.0,Ashkelon,High school,mdibdallbd@digg.com
411,Emera,Herrero,Female,24.0,Ashkelon,Doctoral degree,eherrerobe@goo.gl
412,Gawain,Scryne,Male,36.0,Ashdod,High school,gscrynebf@europa.eu
413,Raina,Ert,Female,39.0,Haifa,Master's degree,rertbg@xrea.com
414,Lynn,Baniard,Male,47.0,Kfar Saba,High school,lbaniardbh@360.cn
415,Siward,Attrill,Male,38.0,Herzliya,Master's degree,sattrillbi@hp.com
416,Moria,Talkington,Female,14.0,Bnei Brak,Bachelor's degree,mtalkingtonbj@wisc.edu
417,Maiga,Dungay,Female,36.0,Petah Tikva,No education,mdungaybk@opensource.org
418,Arni,Coldbathe,Male,34.0,Netanya,Bachelor's degree,acoldbathebl@amazon.de
419,Deny,Riste,Female,32.0,Jerusalem,Bachelor's degree,dristebm@is.gd
420,Denney,Mc-Kerley,Male,47.0,Jerusalem,High school,dmckerleybn@blogs.com
421,Preston,Maseres,Male,33.0,Jerusalem,High school,pmaseresbo@si.edu
422,Stephannie,Perse,Female,18.0,Ashkelon,High school,spersebp@spiegel.de
423,Sabra,McTrustrie,Female,53.0,Petah Tikva,Bachelor's degree,smctrustriebq@sina.com.cn
424,Myrah,Hesser,Female,31.0,Ashdod,Master's degree,mhesserbr@cbc.ca
425,Katerine,Simco,,50.0,Ashkelon,High school,ksimcobs@webmd.com
426,Chloette,Lackie,Female,29.0,Jerusalem,No education,clackiebt@bloglovin.com
427,Shawn,Maggill'Andreis,,41.0,Petah Tikva,High school,smaggillandreisbu@com.com
428,Curtis,Capp,Male,45.0,Beersheba,High school,ccappbv@marketwatch.com
429,Gregg,O'Cahsedy,Male,34.0,Jerusalem,No education,gocahsedybw@addtoany.com
430,Lothario,Ortler,Male,25.0,Tel Aviv,No education,lortlerbx@bing.com
431,Chuck,Medling,Male,31.0,Tel Aviv,Bachelor's degree,cmedlingby@msn.com
432,Finlay,Suffe,Male,28.0,Tel Aviv,Bachelor's degree,fsuffebz@sourceforge.net
433,Annadiane,Packington,Female,31.0,Haifa,High school,apackingtonc0@eventbrite.com
434,Ardeen,Minichillo,Female,32.0,Kfar Saba,Bachelor's degree,aminichilloc1@eventbrite.com
435,Valeda,Maria,Female,22.0,Kfar Saba,High school,vmariac2@ameblo.jp
436,Paola,Gipp,Female,46.0,Holon,Bachelor's degree,pgippc3@altervista.org
437,Giusto,Dennidge,Male,52.0,Petah Tikva,Bachelor's degree,gdennidgec4@shutterfly.com
438,Paco,Gebbie,Male,37.0,Kfar Saba,High school,pgebbiec5@jimdo.com
439,Salvatore,O'Carmody,Male,30.0,Tel Aviv,Master's degree,socarmodyc6@homestead.com
440,Randene,Claus,Female,43.0,Bat Yam,High school,rclausc7@chicagotribune.com
441,Tamma,Flintoffe,Female,37.0,Haifa,Bachelor's degree,tflintoffec8@whitehouse.gov
442,Brade,O'Carran,Male,26.0,Tel Aviv,Bachelor's degree,bocarranc9@apache.org
443,Laina,Laible,Female,27.0,Ashkelon,High school,llaibleca@youku.com
444,Tommie,Dorrell,Male,38.0,Ashkelon,Bachelor's degree,tdorrellcb@nymag.com
445,Gayler,Eliff,Male,35.0,Jerusalem,Bachelor's degree,geliffcc@51.la
446,Frankie,Cokely,Male,55.0,Haifa,Bachelor's degree,fcokelycd@facebook.com
447,Imelda,Motton,Female,28.0,Ashdod,High school,imottonce@sohu.com
448,Twila,Bickley,Female,21.0,Tel Aviv,High school,tbickleycf@flickr.com
449,Briant,Eixenberger,Male,52.0,Haifa,Doctoral degree,beixenbergercg@shareasale.com
450,Royce,Willan,Male,36.0,Kfar Saba,Bachelor's degree,rwillanch@addtoany.com
451,Marlo,Paute,Male,53.0,Tel Aviv,Bachelor's degree,mpauteci@fotki.com
452,Barrett,Adnams,Male,48.0,Haifa,High school,badnamscj@accuweather.com
453,Ynes,Udell,Female,18.0,Jerusalem,High school,yudellck@yahoo.co.jp
454,Lou,D'Ugo,Female,25.0,Haifa,Doctoral degree,ldugocl@wordpress.org
455,Kennith,Rabat,,29.0,Ashkelon,High school,krabatcm@foxnews.com
456,Candide,Dilworth,Female,34.0,Beersheba,No education,cdilworthcn@de.vu
457,Corine,Dugall,Female,41.0,Bnei Brak,Bachelor's degree,cdugallco@delicious.com
458,Marylou,Lewtey,Female,26.0,Jerusalem,No education,mlewteycp@vkontakte.ru
459,Kerri,Grigorushkin,,42.0,Tel Aviv,Bachelor's degree,kgrigorushkincq@sina.com.cn
460,Karlan,Dove,Male,30.0,Tel Aviv,No education,kdovecr@discuz.net
461,Moise,Chill,Male,29.0,Tel Aviv,Bachelor's degree,mchillcs@joomla.org
462,Massimo,Wasielewicz,Male,,Haifa,High school,mwasielewiczct@indiatimes.com
463,Carr,Swinbourne,Male,35.0,Holon,No education,cswinbournecu@cyberchimps.com
464,Gertie,Knotte,Female,18.0,Tel Aviv,High school,gknottecv@about.com
465,Garvey,Ravelus,Male,41.0,Haifa,Bachelor's degree,graveluscw@ameblo.jp
466,Kakalina,Machen,,36.0,Jerusalem,Master's degree,kmachencx@howstuffworks.com
467,Aeriel,Gettings,Female,12.0,Jerusalem,High school,agettingscy@skype.com
468,Teddi,Scrine,,29.0,Haifa,High school,tscrinecz@aboutads.info
469,Trula,Burnard,Female,,Beersheba,High school,tburnardd0@vkontakte.ru
470,Karena,Sicily,Female,14.0,Bat Yam,Bachelor's degree,ksicilyd1@eventbrite.com
471,Aura,Dobbson,Female,34.0,Bat Yam,High school,adobbsond2@businessweek.com
472,Clarinda,Redwood,Female,,Beersheba,High school,credwoodd3@japanpost.jp
473,Damaris,Mowat,,51.0,Haifa,High school,dmowatd4@who.int
474,Devondra,Claxton,Female,27.0,Beersheba,No education,dclaxtond5@networksolutions.com
475,Margie,Storkes,Female,54.0,Ashdod,Bachelor's degree,mstorkesd6@smh.com.au
476,Erminie,Dupree,Female,37.0,Bnei Brak,No education,edupreed7@biglobe.ne.jp
477,Rockey,Haveline,Male,30.0,Haifa,Bachelor's degree,rhavelined8@pinterest.com
478,Nonah,Bizley,Female,34.0,Herzliya,High school,nbizleyd9@wordpress.com
479,Dionisio,Lawlee,Male,37.0,Netanya,High school,dlawleeda@loc.gov
480,Dotty,Durrad,Female,22.0,Jerusalem,No education,ddurraddb@europa.eu
481,Reena,Yarnley,Female,36.0,Bat Yam,No education,ryarnleydc@umn.edu
482,Elana,Hydes,Female,,Jerusalem,No education,ehydesdd@blinklist.com
483,Nev,Gostyke,Male,18.0,Haifa,High school,ngostykede@acquirethisname.com
484,Hasty,Calverley,Male,47.0,Ashdod,High school,hcalverleydf@wix.com
485,Selle,Tatton,,40.0,Ashkelon,High school,stattondg@scribd.com
486,Hollis,Recher,Male,33.0,Ramat Gan,Master's degree,hrecherdh@sciencedirect.com
487,Joyan,Paice,Female,45.0,Herzliya,No education,jpaicedi@aol.com
488,Arnoldo,Wickwar,Male,36.0,Jerusalem,Doctoral degree,awickwardj@sciencedirect.com
489,Gabbey,Leathers,,20.0,Haifa,Doctoral degree,gleathersdk@cargocollective.com
490,Bernete,Rowesby,Female,34.0,Haifa,Master's degree,browesbydl@tumblr.com
491,Geoff,Aspole,Male,20.0,Ashkelon,Bachelor's degree,gaspoledm@devhub.com
492,Dorie,Enoch,Male,37.0,Holon,High school,denochdn@fda.gov
493,Cullan,Vaggs,,54.0,Jerusalem,High school,cvaggsdo@jiathis.com
494,Irena,Hockell,Female,40.0,Ashkelon,High school,ihockelldp@paypal.com
495,Lucien,Spreckley,Male,29.0,Tel Aviv,High school,lspreckleydq@123-reg.co.uk
496,Karoly,Ferreres,Female,29.0,Haifa,High school,kferreresdr@amazon.de
497,Rivkah,Androlli,Female,43.0,Haifa,No education,randrollids@is.gd
498,Melisandra,Screen,Female,34.0,Haifa,High school,mscreendt@booking.com
499,Delmer,Alpin,Male,,Haifa,High school,dalpindu@cloudflare.com
500,Gillan,Terram,Female,34.0,Haifa,Bachelor's degree,gterramdv@friendfeed.com
